{
  "label_distributions": {
    "IT-Roma": {
      "positive": 0.3775,
      "negative": 0.6225
    },
    "DE-Berlin": {
      "positive": 0.46923076923076923,
      "negative": 0.5307692307692308
    },
    "FR-Paris": {
      "positive": 0.38235294117647056,
      "negative": 0.6176470588235294
    },
    "ES-Madrid": {
      "positive": 0.6375,
      "negative": 0.36250000000000004
    },
    "NL-Amsterdam": {
      "positive": 0.6923076923076923,
      "negative": 0.3076923076923077
    }
  },
  "kl_divergences": {
    "IT-Roma": 0.036370158045560375,
    "DE-Berlin": 0.003622123593391681,
    "FR-Paris": 0.03376419455097229,
    "ES-Madrid": 0.03210240496755691,
    "NL-Amsterdam": 0.06712105139325322
  },
  "emd_age": {
    "IT-Roma": 6.746994540407201,
    "DE-Berlin": 0.5668953041773293,
    "FR-Paris": 4.806797015358207,
    "ES-Madrid": 3.990861998816861,
    "NL-Amsterdam": 6.954565641345589
  },
  "noniid_scores": {
    "IT-Roma": 1.713100488537044,
    "DE-Berlin": 0.14960029676938266,
    "FR-Paris": 1.2990013485813643,
    "ES-Madrid": 1.1191964494389413,
    "NL-Amsterdam": 2.06212364220165
  },
  "feature_stats": {
    "IT-Roma": {
      "age": {
        "mean": 48.29641370368551,
        "std": 11.432199855797224
      },
      "bmi": {
        "mean": 24.347442397003025,
        "std": 4.478644296606188
      },
      "systolic": {
        "mean": 121.44847016140262,
        "std": 17.603496129607446
      },
      "glucose": {
        "mean": 95.04975730558414,
        "std": 21.011656200298443
      },
      "cholesterol": {
        "mean": 189.97772422912408,
        "std": 33.6905594809759
      }
    },
    "DE-Berlin": {
      "age": {
        "mean": 54.47651293991538,
        "std": 13.32854200256695
      },
      "bmi": {
        "mean": 25.916960152067457,
        "std": 4.630844800590939
      },
      "systolic": {
        "mean": 121.50107520378356,
        "std": 18.096157699569886
      },
      "glucose": {
        "mean": 97.04929896789783,
        "std": 21.182807009626174
      },
      "cholesterol": {
        "mean": 193.52379827576735,
        "std": 33.99051550946726
      }
    },
    "FR-Paris": {
      "age": {
        "mean": 50.2366112287345,
        "std": 15.345217311284774
      },
      "bmi": {
        "mean": 24.735981160925697,
        "std": 4.735096731136943
      },
      "systolic": {
        "mean": 121.21910448837703,
        "std": 17.263148137541087
      },
      "glucose": {
        "mean": 94.52242950342792,
        "std": 21.223569980485706
      },
      "cholesterol": {
        "mean": 190.94116666738717,
        "std": 37.86076124272637
      }
    },
    "ES-Madrid": {
      "age": {
        "mean": 59.03427024290957,
        "std": 11.620374743334807
      },
      "bmi": {
        "mean": 27.54948343449288,
        "std": 4.621107041189072
      },
      "systolic": {
        "mean": 125.73641692280542,
        "std": 18.471751797357634
      },
      "glucose": {
        "mean": 102.85311260961336,
        "std": 20.234921213118668
      },
      "cholesterol": {
        "mean": 200.33054701384043,
        "std": 34.28677260351895
      }
    },
    "NL-Amsterdam": {
      "age": {
        "mean": 61.9979738854383,
        "std": 8.591900666757633
      },
      "bmi": {
        "mean": 26.45999996122555,
        "std": 4.472136676722239
      },
      "systolic": {
        "mean": 125.81029384595985,
        "std": 17.054876250551064
      },
      "glucose": {
        "mean": 101.15914589786743,
        "std": 21.456623011988995
      },
      "cholesterol": {
        "mean": 203.10083903713138,
        "std": 36.03662688809268
      }
    }
  }
}