{
  "runs": [
    {
      "seed": 42,
      "local_results": {
        "0": {
          "accuracy": 0.972972972972973,
          "f1": 0.4931506849315068,
          "precision": 0.4864864864864865,
          "recall": 0.5,
          "auc": 0.8611111111111112,
          "loss": 1.4950834941118814
        },
        "1": {
          "accuracy": 0.9749403341288783,
          "f1": 0.960826738789275,
          "precision": 0.9618631589280455,
          "recall": 0.9597992181947406,
          "auc": 0.9874378109452736,
          "loss": 0.08765331013300628
        },
        "2": {
          "accuracy": 0.7692307692307693,
          "f1": 0.43478260869565216,
          "precision": 0.38461538461538464,
          "recall": 0.5,
          "auc": 0.8250000000000001,
          "loss": 0.535132646560669
        },
        "3": {
          "accuracy": 0.9642857142857143,
          "f1": 0.4909090909090909,
          "precision": 0.48214285714285715,
          "recall": 0.5,
          "auc": 0.6203703703703703,
          "loss": 0.18970127403736115
        },
        "4": {
          "accuracy": 0.9528301886792453,
          "f1": 0.9524876736889287,
          "precision": 0.9509803921568627,
          "recall": 0.9583333333333333,
          "auc": 0.9930253623188406,
          "loss": 0.1339491709534611
        }
      },
      "fed_per_client": {
        "0": {
          "accuracy": 0.02702702702702703,
          "f1": 0.02631578947368421,
          "precision": 0.013513513513513514,
          "recall": 0.5,
          "auc": 0.2777777777777778
        },
        "1": {
          "accuracy": 0.8007159904534606,
          "f1": 0.46178548490687216,
          "precision": 0.7009603841536615,
          "recall": 0.5074360341151386,
          "auc": 0.7498223169864959
        },
        "2": {
          "accuracy": 0.7692307692307693,
          "f1": 0.43478260869565216,
          "precision": 0.38461538461538464,
          "recall": 0.5,
          "auc": 0.675
        },
        "3": {
          "accuracy": 0.9642857142857143,
          "f1": 0.4909090909090909,
          "precision": 0.48214285714285715,
          "recall": 0.5,
          "auc": 0.8796296296296297
        },
        "4": {
          "accuracy": 0.5801886792452831,
          "f1": 0.39632058870580705,
          "precision": 0.7870813397129186,
          "recall": 0.5163043478260869,
          "auc": 0.7653079710144928
        }
      },
      "fed_global": {
        "accuracy": 0.7998289136013687,
        "f1": 0.7816857569721114,
        "precision": 0.7792437833876991,
        "recall": 0.8594063735929418,
        "auc": 0.9794949802251293
      },
      "client_stats": {
        "0": {
          "num_train": 148,
          "num_test": 37,
          "label_distribution": {
            "0": 148
          }
        },
        "1": {
          "num_train": 3353,
          "num_test": 838,
          "label_distribution": {
            "0": 699,
            "1": 2654
          }
        },
        "2": {
          "num_train": 106,
          "num_test": 26,
          "label_distribution": {
            "0": 26,
            "1": 80
          }
        },
        "3": {
          "num_train": 228,
          "num_test": 56,
          "label_distribution": {
            "0": 2,
            "1": 226
          }
        },
        "4": {
          "num_train": 852,
          "num_test": 212,
          "label_distribution": {
            "0": 404,
            "1": 448
          }
        }
      },
      "class_names": {
        "0": "NORMAL",
        "1": "PNEUMONIA"
      }
    },
    {
      "seed": 123,
      "local_results": {
        "0": {
          "accuracy": 0.9095477386934674,
          "f1": 0.9055379746835444,
          "precision": 0.9231189851268591,
          "recall": 0.8981271866639227,
          "auc": 0.9772586952047746,
          "loss": 0.3180820324591228
        },
        "1": {
          "accuracy": 0.8214285714285714,
          "f1": 0.8212005108556832,
          "precision": 0.84375,
          "recall": 0.8529411764705883,
          "auc": 0.9946524064171123,
          "loss": 0.34036168456077576
        },
        "2": {
          "accuracy": 0.9395017793594306,
          "f1": 0.9390572175798941,
          "precision": 0.9377281947261663,
          "recall": 0.9458677685950414,
          "auc": 0.984452479338843,
          "loss": 0.19677058421075344
        },
        "3": {
          "accuracy": 0.9647887323943662,
          "f1": 0.9393162393162393,
          "precision": 0.9618457671245175,
          "recall": 0.9201992975577882,
          "auc": 0.99338397451605,
          "loss": 0.10668904975884491
        },
        "4": {
          "accuracy": 0.9680851063829787,
          "f1": 0.8610666338218993,
          "precision": 0.9568590937306021,
          "recall": 0.8021346469622331,
          "auc": 0.9704433497536946,
          "loss": 0.10825959818127255
        }
      },
      "fed_per_client": {
        "0": {
          "accuracy": 0.6633165829145728,
          "f1": 0.6574694926140012,
          "precision": 0.6572762725779968,
          "recall": 0.6576970570076147,
          "auc": 0.7329697468614942
        },
        "1": {
          "accuracy": 0.75,
          "f1": 0.7417654808959157,
          "precision": 0.7395833333333333,
          "recall": 0.7459893048128342,
          "auc": 0.839572192513369
        },
        "2": {
          "accuracy": 0.6903914590747331,
          "f1": 0.6896210245667491,
          "precision": 0.693404363267377,
          "recall": 0.696900826446281,
          "auc": 0.7871900826446281
        },
        "3": {
          "accuracy": 0.7676056338028169,
          "f1": 0.7060041407867494,
          "precision": 0.6932316182437915,
          "recall": 0.7917177162460182,
          "auc": 0.857387895123744
        },
        "4": {
          "accuracy": 0.7021276595744681,
          "f1": 0.5427181514138035,
          "precision": 0.5693333333333334,
          "recall": 0.7241379310344828,
          "auc": 0.8160919540229884
        }
      },
      "fed_global": {
        "accuracy": 0.8647260273972602,
        "f1": 0.8455026455026455,
        "precision": 0.8293817356778219,
        "recall": 0.8807979831834808,
        "auc": 0.9609897556212932
      },
      "client_stats": {
        "0": {
          "num_train": 800,
          "num_test": 199,
          "label_distribution": {
            "0": 448,
            "1": 352
          }
        },
        "1": {
          "num_train": 115,
          "num_test": 28,
          "label_distribution": {
            "0": 40,
            "1": 75
          }
        },
        "2": {
          "num_train": 1125,
          "num_test": 281,
          "label_distribution": {
            "0": 500,
            "1": 625
          }
        },
        "3": {
          "num_train": 1140,
          "num_test": 284,
          "label_distribution": {
            "0": 178,
            "1": 962
          }
        },
        "4": {
          "num_train": 1508,
          "num_test": 376,
          "label_distribution": {
            "0": 91,
            "1": 1417
          }
        }
      },
      "class_names": {
        "0": "NORMAL",
        "1": "PNEUMONIA"
      }
    },
    {
      "seed": 456,
      "local_results": {
        "0": {
          "accuracy": 0.96,
          "f1": 0.4897959183673469,
          "precision": 0.48,
          "recall": 0.5,
          "auc": 0.90625,
          "loss": 0.23174609150737524
        },
        "1": {
          "accuracy": 0.9162011173184358,
          "f1": 0.8792715827338129,
          "precision": 0.9260317937916854,
          "recall": 0.8496522204387373,
          "auc": 0.9811910935506442,
          "loss": 0.23178369117279848
        },
        "2": {
          "accuracy": 0.9330143540669856,
          "f1": 0.9024406508402241,
          "precision": 0.8963750985027581,
          "recall": 0.9089430894308943,
          "auc": 0.9794037940379404,