{
  "experiment": "local_vs_federated",
  "dataset": "chest_xray",
  "timestamp": "2026-02-27T06:11:18.403046",
  "config": {
    "num_clients": 5,
    "num_rounds": 15,
    "local_epochs_fl": 3,
    "local_epochs_solo": 30,
    "batch_size": 32,
    "lr": 0.001,
    "alpha": 0.5,
    "seeds": [
      42,
      123,
      456
    ]
  },
  "aggregated": {
    "0": {
      "num_train": 148,
      "num_test": 37,
      "local_acc_mean": 0.9475069038888134,
      "local_acc_std": 0.02735870578913961,
      "local_f1_mean": 0.629494859327466,
      "local_f1_std": 0.19519676357681048,
      "local_auc_mean": 0.914873268771962,
      "local_auc_std": 0.04780750217231444,
      "fed_acc_mean": 0.24344786998053328,
      "fed_acc_std": 0.29693924921056897,
      "fed_f1_mean": 0.2407489401830746,
      "fed_f1_std": 0.29470764487128764,
      "fed_auc_mean": 0.4419505637686462,
      "fed_auc_std": 0.20634508074726438,
      "gain_acc": -0.7040590339082802,
      "gain_f1": -0.3887459191443914,
      "gain_auc": -0.47292270500331574
    },
    "1": {
      "num_train": 3353,
      "num_test": 838,
      "local_acc_mean": 0.9041900076252952,
      "local_acc_std": 0.0632437896233526,
      "local_f1_mean": 0.8870996107929238,
      "local_f1_std": 0.057270291304837996,
      "local_auc_mean": 0.9877604369710099,
      "local_auc_std": 0.00550029100361044,
      "fed_acc_mean": 0.6016353115291796,
      "fed_acc_std": 0.24655187475141566,
      "fed_f1_mean": 0.46874119053114455,
      "fed_f1_std": 0.2201386962468058,
      "fed_auc_mean": 0.6175867857117918,
      "fed_auc_std": 0.25313779484436644,
      "gain_acc": -0.3025546960961156,
      "gain_f1": -0.4183584202617792,
      "gain_auc": -0.3701736512592181
    },
    "2": {
      "num_train": 106,
      "num_test": 26,
      "local_acc_mean": 0.8805823008857284,
      "local_acc_std": 0.07878195382683482,
      "local_f1_mean": 0.7587601590385901,
      "local_f1_std": 0.2295739286658488,
      "local_auc_mean": 0.9296187577922611,
      "local_auc_std": 0.07400534065103558,
      "fed_acc_mean": 0.5583110776967305,
      "fed_acc_std": 0.24466398280051935,
      "fed_f1_mean": 0.4338563291977033,
      "fed_f1_std": 0.20921017659210336,
      "fed_auc_mean": 0.5540181937632048,
      "fed_auc_std": 0.25457845350745106,
      "gain_acc": -0.3222712231889979,
      "gain_f1": -0.3249038298408868,
      "gain_auc": -0.3756005640290563
    },
    "3": {
      "num_train": 228,
      "num_test": 56,
      "local_acc_mean": 0.9638841364193477,
      "local_acc_std": 0.0009461586837830241,
      "local_f1_mean": 0.7958913403180919,
      "local_f1_std": 0.2157820285836135,
      "local_auc_mean": 0.8695110238648317,
      "local_auc_std": 0.17616996575495816,
      "fed_acc_mean": 0.6888702276026221,
      "fed_acc_std": 0.26298023336645404,
      "fed_f1_mean": 0.4825640159650724,
      "fed_f1_std": 0.18593861754762983,
      "fed_auc_mean": 0.6492956966569217,
      "fed_auc_std": 0.3101470384997325,
      "gain_acc": -0.2750139088167256,
      "gain_f1": -0.3133273243530195,
      "gain_auc": -0.22021532720791004
    },
    "4": {
      "num_train": 852,
      "num_test": 212,
      "local_acc_mean": 0.8903050983540747,
      "local_acc_std": 0.09940596426320655,
      "local_f1_mean": 0.7473752453607522,
      "local_f1_std": 0.22849705589959318,
      "local_auc_mean": 0.8811562373575118,
      "local_auc_std": 0.14253738853074496,
      "fed_acc_mean": 0.5107721129399171,
      "fed_acc_std": 0.19099537498116193,
      "fed_f1_mean": 0.3796795800398702,
      "fed_f1_std": 0.14040803681695843,
      "fed_auc_mean": 0.5849110861236048,
      "fed_auc_std": 0.29176695972010397,
      "gain_acc": -0.3795329854141576,
      "gain_f1": -0.367695665320882,
      "gain_auc": -0.29624515123390704
    }
  },
  "all_runs": [
    {
      "seed": 42,
      "local_results": {
        "0": {
          "accuracy": 0.972972972972973,
          "f1": 0.4931506849315068,
          "precision": 0.4864864864864865,
          "recall": 0.5,
          "auc": 0.8611111111111112,
          "loss": 1.4950834941118814
        },
        "1": {
          "accuracy": 0.9749403341288783,
          "f1": 0.960826738789275,
          "precision": 0.9618631589280455,
          "recall": 0.9597992181947406,
          "auc": 0.9874378109452736,
          "loss": 0.08765331013300628
        },
        "2": {
          "accuracy": 0.7692307692307693,
          "f1": 0.43478260869565216,
          "precision": 0.38461538461538464,
          "recall": 0.5,
          "auc": 0.8250000000000001,
          "loss": 0.535132646560669
        },
        "3": {
          "accuracy": 0.9642857142857143,
          "f1": 0.4909090909090909,
          "precision": 0.48214285714285715,
          "recall": 0.5,
          "auc": 0.6203703703703703,
          "loss": 0.18970127403736115
        },
        "4": {
          "accuracy": 0.9528301886792453,
          "f1": 0.9524876736889287,
          "precision": 0.9509803921568627,
          "recall": 0.9583333333333333,
          "auc": 0.9930253623188406,
          "loss": 0.1339491709534611
        }
      },
      "fed_per_client": {
        "0": {
          "accuracy": 0.02702702702702703,
          "f1": 0.02631578947368421,
          "precision": 0.013513513513513514,
          "recall": 0.5,
          "auc": 0.2777777777777778
        },
        "1": {
          "accuracy": 0.8007159904534606,
          "f1": 0.46178548490687216,
          "precision": 0.7009603841536615,
          "recall": 0.5074360341151386,
          "auc": 0.7498223169864959
        },
        "2": {
          "accuracy": 0.7692307692307693,
          "f1": 0.43478260869565216,
          "precision": 0.38461538461538464,
          "recall": 0.5,
          "auc": 0.675
        },
        "3": {
          "accuracy": 0.9642857142857143,
          "f1": 0.4909090909090909,
          "precision": 0.48214285714285715,
          "recall": 0.5,
          "auc": 0.8796296296296297
        },
        "4": {
          "accuracy": 0.5801886792452831,
          "f1": 0.39632058870580705,
          "precision": 0.7870813397129186,
          "recall": 0.5163043478260869,
          "auc": 0.7653079710144928
        }
      },
      "fed_global": {
        "accuracy": 0.7998289136013687,
        "f1": 0.7816857569721114,
        "precision": 0.7792437833876991,
        "recall": 0.8594063735929418,
        "auc": 0.9794949802251293
      },
      "client_stats": {
        "0": {
          "num_train": 148,
          "num_test": 37,
          "label_distribution": {
            "0": 148
          }
        },
        "1": {
          "num_train": 3353,
          "num_test": 838,
          "label_distribution": {
            "0": 699,
            "1": 2654
          }
        },
        "2": {
          "num_train": 106,
          "num_test": 26,
          "label_distribution": {
            "0": 26,
            "1": 80
          }
        },
        "3": {
          "num_train": 228,
          "num_test": 56,
          "label_distribution": {
            "0": 2,
            "1": 226
          }
        },
        "4": {
          "num_train": 852,
          "num_test": 212,
          "label_distribution": {
            "0": 404,
            "1": 448
          }
        }
      },
      "class_names": {
        "0": "NORMAL",
        "1": "PNEUMONIA"
      }
    },
    {
      "seed": 123,
      "local_results": {
        "0": {
          "accuracy": 0.9095477386934674,
          "f1": 0.9055379746835444,
          "precision": 0.9231189851268591,
          "recall": 0.8981271866639227,
          "auc": 0.9772586952047746,
          "loss": 0.3180820324591228
        },
        "1": {
          "accuracy": 0.8214285714285714,
          "f1": 0.8212005108556832,
          "precision": 0.84375,
          "recall": 0.8529411764705883,
          "auc": 0.9946524064171123,
          "loss": 0.34036168456077576
        },