{
  "bs_8": {
    "times": [
      0.008234262466430664,
      0.008358955383300781,
      0.008272886276245117,
      0.008291006088256836,
      0.00827789306640625,
      0.008199930191040039,
      0.008121967315673828,
      0.00819087028503418,
      0.008157014846801758,
      0.008204221725463867,
      0.008481025695800781,
      0.008665084838867188,
      0.008482933044433594,
      0.008584022521972656,
      0.00845789909362793,
      0.008394956588745117,
      0.008157968521118164,
      0.008149147033691406,
      0.008168935775756836,
      0.008104085922241211,
      0.008102893829345703,
      0.008139848709106445,
      0.008289098739624023,
      0.008391141891479492,
      0.00819087028503418,
      0.008414983749389648,
      0.00865793228149414,
      0.00823521614074707,
      0.008029937744140625,
      0.008066177368164062
    ],
    "accuracies": [
      0.584,
      0.582,
      0.59,
      0.596,
      0.59,
      0.59,
      0.588,
      0.574,
      0.582,
      0.584,
      0.568,
      0.584,
      0.592,
      0.582,
      0.594,
      0.586,
      0.596,
      0.59,
      0.584,
      0.584,
      0.59,
      0.59,
      0.586,
      0.586,
      0.594,
      0.58,
      0.59,
      0.576,
      0.588,
      0.592
    ]
  },
  "bs_16": {
    "times": [
      0.004143953323364258,
      0.004211902618408203,
      0.004502058029174805,
      0.00407099723815918,
      0.004241943359375,
      0.0043408870697021484,
      0.004398822784423828,
      0.004422187805175781,
      0.00446009635925293,
      0.00437617301940918,
      0.0043849945068359375,
      0.004374980926513672,
      0.0043489933013916016,
      0.00428318977355957,
      0.004537105560302734,
      0.004352092742919922,
      0.004485130310058594,
      0.004669189453125,
      0.004434108734130859,
      0.004371166229248047,
      0.004087924957275391,
      0.00432896614074707,
      0.004470109939575195,
      0.004206180572509766,
      0.004437923431396484,
      0.004400014877319336,
      0.00432896614074707,
      0.004316806793212891,
      0.004205226898193359,
      0.004233121871948242
    ],
    "accuracies": [
      0.584,
      0.58,
      0.582,
      0.58,
      0.582,
      0.59,
      0.578,
      0.576,
      0.584,
      0.576,
      0.58,
      0.584,
      0.578,
      0.586,
      0.574,
      0.582,
      0.582,
      0.576,
      0.582,
      0.588,
      0.584,
      0.594,
      0.586,
      0.594,
      0.582,
      0.58,
      0.586,
      0.59,
      0.582,
      0.576
    ]
  },
  "bs_32": {
    "times": [
      0.002393007278442383,
      0.002351999282836914,
      0.0024046897888183594,
      0.0024068355560302734,
      0.002408266067504883,
      0.002359151840209961,
      0.0023679733276367188,
      0.0023500919342041016,
      0.0023467540740966797,
      0.00240325927734375,
      0.0023720264434814453,
      0.002363920211791992,
      0.0023910999298095703,
      0.0023412704467773438,
      0.002371072769165039,
      0.0024077892303466797,
      0.0024487972259521484,
      0.0024170875549316406,
      0.002418994903564453,
      0.0024988651275634766,
      0.0024471282958984375,
      0.0024237632751464844,
      0.002408266067504883,
      0.002446889877319336,
      0.0023641586303710938,
      0.0025169849395751953,
      0.0024881362915039062,
      0.0023200511932373047,
      0.0025398731231689453,
      0.0023429393768310547
    ],
    "accuracies": [
      0.588,
      0.59,
      0.584,
      0.582,
      0.578,
      0.58,
      0.594,
      0.582,
      0.582,
      0.582,
      0.588,
      0.584,
      0.584,
      0.588,
      0.59,
      0.59,
      0.59,
      0.588,
      0.584,
      0.584,
      0.58,
      0.588,
      0.584,
      0.59,
      0.586,
      0.582,
      0.584,
      0.584,
      0.58,
      0.586
    ]
  },
  "bs_64": {
    "times": [
      0.0014150142669677734,
      0.001409769058227539,
      0.0014269351959228516,
      0.0014040470123291016,
      0.0014750957489013672,
      0.0014200210571289062,
      0.0014221668243408203,
      0.0014731884002685547,
      0.0013797283172607422,
      0.0013730525970458984,
      0.0014030933380126953,
      0.001363992691040039,
      0.0013670921325683594,
      0.0013630390167236328,
      0.0013582706451416016,
      0.001360177993774414,
      0.0014109611511230469,
      0.0013651847839355469,
      0.001363992691040039,
      0.0013659000396728516,
      0.0013740062713623047,
      0.0013630390167236328,
      0.001486063003540039,
      0.001416921615600586,
      0.0013761520385742188,
      0.0013680458068847656,
      0.0013611316680908203,
      0.0013840198516845703,
      0.0013751983642578125,
      0.0013599395751953125
    ],
    "accuracies": [
      0.578,
      0.582,
      0.586,
      0.59,
      0.59,
      0.592,
      0.586,
      0.588,
      0.588,
      0.58,
      0.586,
      0.586,
      0.59,
      0.598,
      0.592,
      0.592,
      0.59,
      0.586,
      0.592,
      0.596,
      0.588,
      0.588,
      0.586,
      0.584,
      0.582,
      0.586,
      0.588,
      0.586,
      0.578,
      0.586
    ]
  },
  "bs_128": {
    "times": [
      0.0009317398071289062,
      0.0009098052978515625,
      0.0009350776672363281,
      0.0009171962738037109,
      0.0009150505065917969,
      0.0009138584136962891,
      0.0011830329895019531,
      0.0009388923645019531,
      0.0009160041809082031,
      0.000911712646484375,
      0.0009098052978515625,
      0.0009098052978515625,
      0.0009119510650634766,
      0.0009679794311523438,
      0.0010221004486083984,
      0.0009448528289794922,
      0.0010838508605957031,
      0.0009329319000244141,
      0.0009670257568359375,
      0.0009558200836181641,
      0.0009369850158691406,
      0.0009400844573974609,
      0.0010249614715576172,
      0.0009510517120361328,
      0.0009720325469970703,
      0.0009329319000244141,
      0.0009243488311767578,
      0.0009381771087646484,
      0.0009367465972900391,
      0.0009551048278808594
    ],
    "accuracies": [
      0.588,
      0.584,
      0.58,
      0.588,
      0.578,
      0.586,
      0.586,
      0.582,
      0.578,
      0.582,
      0.578,
      0.586,
      0.576,
      0.574,
      0.584,
      0.584,
      0.584,
      0.594,
      0.59,
      0.586,
      0.594,
      0.598,
      0.6,
      0.594,
      0.588,
      0.594,
      0.588,
      0.596,
      0.588,
      0.582
    ]
  }
}