{
  "completed": {
    "FedAvg_s42": {
      "seed": 42,
      "accuracy": 0.9281437125748503,
      "best_accuracy": 0.9289991445680068,
      "best_round": 4,
      "confusion_matrix": [
        [
          260,
          44
        ],
        [
          40,
          825
        ]
      ],
      "recall_normal": 0.8552631578947368,
      "recall_pneumonia": 0.953757225433526,
      "per_client_cms": {
        "0": [
          [
            20,
            16
          ],
          [
            0,
            1
          ]
        ],
        "1": [
          [
            151,
            17
          ],
          [
            30,
            640
          ]
        ],
        "2": [
          [
            5,
            1
          ],
          [
            1,
            19
          ]
        ],
        "3": [
          [
            2,
            0
          ],
          [
            2,
            52
          ]
        ],
        "4": [
          [
            82,
            10
          ],
          [
            7,
            113
          ]
        ]
      },
      "runtime_seconds": 1127.1
    },
    "FedAvg_s123": {
      "seed": 123,
      "accuracy": 0.7303082191780822,
      "best_accuracy": 0.8287671232876712,
      "best_round": 6,
      "confusion_matrix": [
        [
          192,
          134
        ],
        [
          181,
          661
        ]
      ],
      "recall_normal": 0.588957055214724,
      "recall_pneumonia": 0.7850356294536817,
      "per_client_cms": {
        "0": [
          [
            69,
            44
          ],
          [
            16,
            70
          ]
        ],
        "1": [
          [
            5,
            6
          ],
          [
            3,
            14
          ]
        ],
        "2": [
          [
            76,
            45
          ],
          [
            45,
            115
          ]
        ],
        "3": [
          [
            25,
            28
          ],
          [
            41,
            190
          ]
        ],
        "4": [
          [
            17,
            11
          ],
          [
            76,
            272
          ]
        ]
      },
      "runtime_seconds": 1424.2
    },
    "FedAvg_s456": {
      "seed": 456,
      "accuracy": 0.8356164383561644,
      "best_accuracy": 0.9203767123287672,
      "best_round": 7,
      "confusion_matrix": [
        [
          289,
          17
        ],
        [
          175,
          687
        ]
      ],
      "recall_normal": 0.9444444444444444,
      "recall_pneumonia": 0.796983758700696,
      "per_client_cms": {
        "0": [
          [
            3,
            1
          ],
          [
            17,
            79
          ]
        ],
        "1": [
          [
            83,
            8
          ],
          [
            46,
            221
          ]
        ],
        "2": [
          [
            44,
            1
          ],
          [
            32,
            132
          ]
        ],
        "3": [
          [
            155,
            6
          ],
          [
            75,
            245
          ]
        ],
        "4": [
          [
            4,
            1
          ],
          [
            5,
            10
          ]
        ]
      },
      "runtime_seconds": 1586.9
    },
    "HPFL_s42": {
      "seed": 42,
      "accuracy": 0.8451668092386655,
      "best_accuracy": 0.9452523524379812,
      "best_round": 6,
      "confusion_matrix": [
        [
          299,
          5
        ],
        [
          176,
          689
        ]
      ],
      "recall_normal": 0.9835526315789473,
      "recall_pneumonia": 0.7965317919075144,
      "per_client_cms": {
        "0": [
          [
            36,
            0
          ],
          [
            1,
            0
          ]
        ],
        "1": [
          [
            164,
            4
          ],
          [
            139,
            531
          ]
        ],
        "2": [
          [
            6,
            0
          ],
          [
            3,
            17
          ]
        ],
        "3": [
          [
            1,
            1
          ],
          [
            0,
            54
          ]
        ],
        "4": [
          [
            92,
            0
          ],
          [
            33,
            87
          ]
        ]
      },
      "runtime_seconds": 1446.1
    },
    "HPFL_s123": {
      "seed": 123,
      "accuracy": 0.8125,
      "best_accuracy": 0.8758561643835616,
      "best_round": 4,
      "confusion_matrix": [
        [
          295,
          31
        ],
        [
          188,
          654
        ]
      ],
      "recall_normal": 0.9049079754601227,
      "recall_pneumonia": 0.7767220902612827,
      "per_client_cms": {
        "0": [
          [
            106,
            7
          ],
          [
            31,
            55
          ]
        ],
        "1": [
          [
            8,
            3
          ],
          [
            4,
            13
          ]
        ],
        "2": [
          [
            110,
            11
          ],
          [
            51,
            109
          ]
        ],
        "3": [
          [
            45,
            8
          ],
          [
            31,
            200
          ]
        ],
        "4": [
          [
            26,
            2
          ],
          [
            71,
            277
          ]
        ]
      },
      "runtime_seconds": 1176.3
    },
    "HPFL_s456": {
      "seed": 456,
      "accuracy": 0.809931506849315,
      "best_accuracy": 0.925513698630137,
      "best_round": 8,
      "confusion_matrix": [
        [
          293,
          13
        ],
        [
          209,
          653
        ]
      ],
      "recall_normal": 0.9575163398692811,
      "recall_pneumonia": 0.7575406032482599,
      "per_client_cms": {
        "0": [
          [
            3,
            1
          ],
          [
            19,
            77
          ]
        ],
        "1": [
          [
            85,
            6
          ],
          [
            69,
            198
          ]
        ],
        "2": [
          [
            43,
            2
          ],
          [
            32,
            132
          ]
        ],
        "3": [
          [
            157,
            4
          ],
          [
            84,
            236
          ]
        ],
        "4": [
          [
            5,
            0
          ],
          [
            5,
            10
          ]
        ]
      },
      "runtime_seconds": 1740.6
    }
  },
  "results": {
    "FedAvg": [
      {
        "seed": 42,
        "accuracy": 0.9281437125748503,
        "best_accuracy": 0.9289991445680068,
        "best_round": 4,
        "confusion_matrix": [
          [
            260,
            44
          ],
          [
            40,
            825
          ]
        ],
        "recall_normal": 0.8552631578947368,
        "recall_pneumonia": 0.953757225433526,
        "per_client_cms": {
          "0": [
            [
              20,
              16
            ],
            [
              0,
              1
            ]
          ],
          "1": [
            [
              151,
              17
            ],
            [
              30,
              640
            ]
          ],
          "2": [
            [
              5,
              1
            ],
            [
              1,
              19
            ]
          ],
          "3": [
            [
              2,
              0
            ],
            [
              2,
              52
            ]
          ],
          "4": [
            [
              82,
              10
            ],
            [
              7,
              113
            ]
          ]
        },