{
  "results": {
    "FedAvg": [
      {
        "seed": 42,
        "accuracy": 0.542,
        "best_accuracy": 0.599,
        "best_round": 13,
        "per_class_recall": {
          "Glioma": 0.07,
          "Healthy": 0.94,
          "Meningioma": 0.76,
          "Pituitary": 0.37
        },
        "runtime_seconds": 1954.0,
        "early_stop_round": 17
      },
      {
        "seed": 123,
        "accuracy": 0.471,
        "best_accuracy": 0.489,
        "best_round": 6,
        "per_class_recall": {
          "Glioma": 0.98,
          "Healthy": 0.79,
          "Meningioma": 0.08,
          "Pituitary": 0.0
        },
        "runtime_seconds": 1192.0,
        "early_stop_round": 10
      },
      {
        "seed": 456,
        "accuracy": 0.5,
        "best_accuracy": 0.526,
        "best_round": 13,
        "per_class_recall": {
          "Glioma": 0.07,
          "Healthy": 0.95,
          "Meningioma": 0.87,
          "Pituitary": 0.05
        },
        "runtime_seconds": 25040.0,
        "early_stop_round": 17
      }
    ],
    "Ditto": [
      {
        "seed": 42,
        "accuracy": 0.601568068424804,
        "best_accuracy": 0.7284390591589451,
        "best_round": 14,
        "confusion_matrix": [
          [
            73,
            146,
            111,
            0
          ],
          [
            0,
            371,
            1,
            0
          ],
          [
            30,
            100,
            200,
            5
          ],
          [
            1,
            128,
            37,
            200
          ]
        ],
        "per_class_recall": {
          "Glioma": 0.22121212121212122,
          "Healthy": 0.9973118279569892,
          "Meningioma": 0.5970149253731343,
          "Pituitary": 0.546448087431694
        },
        "per_client_cms": {
          "0": [
            [
              64,
              27,
              91,
              0
            ],
            [
              0,
              25,
              0,
              0
            ],
            [
              26,
              22,
              171,
              0
            ],
            [
              1,
              4,
              25,
              3
            ]
          ],
          "1": [
            [
              0,
              11,
              0,
              0
            ],
            [
              0,
              37,
              0,
              0
            ],
            [
              1,
              10,
              0,
              0
            ],
            [
              0,
              33,
              0,
              19
            ]
          ],
          "2": [
            [
              8,
              97,
              18,
              0
            ],
            [
              0,
              20,
              0,
              0
            ],
            [
              1,
              22,
              8,
              0
            ],
            [
              0,
              10,
              3,
              0
            ]
          ],
          "3": [
            [
              1,
              11,
              2,
              0
            ],
            [
              0,
              67,
              0,
              0
            ],
            [
              2,
              32,
              8,
              0
            ],
            [
              0,
              21,
              2,
              5
            ]
          ],
          "4": [
            [
              0,
              0,
              0,
              0
            ],
            [
              0,
              222,
              1,
              0
            ],
            [
              0,
              14,
              13,
              5
            ],
            [
              0,
              60,
              7,
              173
            ]
          ]
        },
        "runtime_seconds": 3607.0
      },
      {
        "seed": 123,
        "accuracy": 0.8104062722736992,
        "best_accuracy": 0.8310762651461154,
        "best_round": 8,
        "confusion_matrix": [
          [
            245,
            0,
            64,
            8
          ],
          [
            23,
            352,
            38,
            0
          ],
          [
            34,
            5,
            276,
            0
          ],
          [
            61,
            3,
            30,
            264
          ]
        ],
        "per_class_recall": {
          "Glioma": 0.7728706624605678,
          "Healthy": 0.8523002421307506,
          "Meningioma": 0.8761904761904762,
          "Pituitary": 0.7374301675977654
        },
        "per_client_cms": {
          "0": [
            [
              39,
              0,
              26,
              0
            ],
            [
              0,
              2,
              2,
              0
            ],
            [
              17,
              1,
              32,
              0
            ],
            [
              2,
              0,
              29,
              5
            ]
          ],
          "1": [
            [
              95,
              0,
              0,
              8
            ],
            [
              0,
              0,
              0,
              0
            ],
            [
              1,
              0,
              0,
              0
            ],
            [
              53,
              0,
              0,
              259
            ]
          ],
          "2": [
            [
              3,
              0,
              19,
              0
            ],
            [
              0,
              8,
              19,
              0
            ],
            [
              11,
              0,
              204,
              0
            ],
            [
              0,
              0,
              1,
              0
            ]
          ],
          "3": [
            [
              0,
              0,
              17,
              0
            ],
            [
              0,
              46,
              17,
              0
            ],
            [
              0,
              3,
              39,
              0
            ],
            [
              0,
              0,
              0,
              0
            ]
          ],
          "4": [
            [
              108,
              0,
              2,
              0
            ],
            [
              23,
              296,
              0,
              0
            ],
            [
              5,
              1,
              1,
              0
            ],
            [
              6,
              3,
              0,
              0
            ]
          ]
        },
        "runtime_seconds": 2418.4
      },
      {
        "seed": 456,
        "accuracy": 0.6885245901639344,
        "best_accuracy": 0.7476835352815395,
        "best_round": 14,
        "confusion_matrix": [
          [
            231,
            3,
            78,
            9
          ],
          [
            25,
            291,
            68,
            1
          ],
          [
            1,
            23,
            322,
            0
          ],
          [
            15,
            28,
            186,
            122
          ]
        ],
        "per_class_recall": {
          "Glioma": 0.719626168224299,
          "Healthy": 0.7558441558441559,
          "Meningioma": 0.930635838150289,
          "Pituitary": 0.3475783475783476
        },