{
  "config": {
    "data_dir": "/Users/fxlybs/Library/CloudStorage/OneDrive-CEI-OPBambinoGesu\u0300/__Univ Merc_PHD_2223__/_PHD_BD&AI_38_/___AA.2026__estensione/PAPER_Devs/FL-EHDS-FLICS2026/fl-ehds-framework/data/chest_xray",
    "algorithms": [
      "FedAvg"
    ],
    "num_clients": 5,
    "num_rounds": 5,
    "local_epochs": 2,
    "batch_size": 32,
    "lr": 0.001,
    "alpha": 0.5,
    "seeds": [
      42
    ],
    "img_size": 64
  },
  "centralized_final": {
    "accuracy": 0.9538066723695466,
    "loss": 0.13182197079075209,
    "f1": 0.9385139557716582,
    "precision": 0.9513501490814658,
    "recall": 0.9273850182149362,
    "auc": 0.984934729811779
  },
  "federated_finals": {
    "FedAvg": {
      "accuracy": 0.911890504704876,
      "loss": 0.2232494663775375,
      "f1": 0.8897356648671915,
      "precision": 0.8780227772653091,
      "recall": 0.9043317395264117,
      "auc": 0.9596690953248331
    }
  },
  "centralized_total_time": 154.0954201221466,
  "federated_total_times": {
    "FedAvg": 145.43561005592346
  },
  "centralized_cm": [
    [
      266,
      39
    ],
    [
      15,
      849
    ]
  ],
  "federated_cms": {
    "FedAvg": [
      [
        271,
        34
      ],
      [
        69,
        795
      ]
    ]
  },
  "centralized_history": [
    {
      "epoch": 0,
      "val_acc": 0.7810094097519247,
      "val_loss": 0.4505821042228092,
      "val_f1": 0.7603802349565061,
      "val_precision": 0.7580803772422454,
      "val_recall": 0.8306390406800244,
      "val_auc": 0.9011915604128719,
      "train_loss": 0.5673703649213427,
      "train_acc": 0.7298911883934286,
      "time": 17.676292181015015
    },
    {
      "epoch": 1,
      "val_acc": 0.8691189050470488,
      "val_loss": 0.30664735282966477,
      "val_f1": 0.8425777684676731,
      "val_precision": 0.8253914543524417,
      "val_recall": 0.8722146326654523,
      "val_auc": 0.9290034911961141,
      "train_loss": 0.423353121628862,
      "train_acc": 0.7879240452314914,
      "time": 15.33645486831665
    },
    {
      "epoch": 2,
      "val_acc": 0.8896492728828058,
      "val_loss": 0.3011952389551086,
      "val_f1": 0.8656591167234582,
      "val_precision": 0.8488938876298076,
      "val_recall": 0.8914067243472981,
      "val_auc": 0.9488843351548271,
      "train_loss": 0.37885035682848733,
      "train_acc": 0.826541497759761,
      "time": 15.299107074737549
    },
    {
      "epoch": 3,
      "val_acc": 0.913601368691189,
      "val_loss": 0.25252299975696235,
      "val_f1": 0.8848674555462919,
      "val_precision": 0.8967097862767155,
      "val_recall": 0.8747305707346691,
      "val_auc": 0.9485162416514877,
      "train_loss": 0.3419387671887455,
      "train_acc": 0.8561979944527416,
      "time": 15.32472276687622
    },
    {
      "epoch": 4,
      "val_acc": 0.9059024807527801,
      "val_loss": 0.23574257952418462,
      "val_f1": 0.8628426001774865,
      "val_precision": 0.9296077551834131,
      "val_recall": 0.8270966150576806,
      "val_auc": 0.967239678202793,
      "train_loss": 0.29861845992345,
      "train_acc": 0.878387027949648,
      "time": 15.171324968338013
    },
    {
      "epoch": 5,
      "val_acc": 0.9195893926432849,
      "val_loss": 0.19708896315536303,
      "val_f1": 0.900778343626973,
      "val_precision": 0.8850780357822612,
      "val_recall": 0.9222677595628415,
      "val_auc": 0.9748216454159077,
      "train_loss": 0.25553313246764225,
      "train_acc": 0.8986558566247066,
      "time": 15.050497770309448
    },
    {
      "epoch": 6,
      "val_acc": 0.9409751924721984,
      "val_loss": 0.16438706191153074,
      "val_f1": 0.9251139848317314,
      "val_precision": 0.9167467196471847,
      "val_recall": 0.9346140710382513,
      "val_auc": 0.9783469945355192,
      "train_loss": 0.232629714329817,
      "train_acc": 0.9078301685513122,
      "time": 15.05115294456482
    },
    {
      "epoch": 7,
      "val_acc": 0.9401197604790419,
      "val_loss": 0.17709106237486552,
      "val_f1": 0.9178149606299213,
      "val_precision": 0.9475693997511477,
      "val_recall": 0.895852307225258,
      "val_auc": 0.9798611111111111,
      "train_loss": 0.22020784815873118,
      "train_acc": 0.9152976317473864,
      "time": 14.947551965713501
    },
    {
      "epoch": 8,
      "val_acc": 0.9555175363558597,
      "val_loss": 0.14388007211114118,
      "val_f1": 0.9405200823489812,
      "val_precision": 0.9559178255168284,
      "val_recall": 0.9274817850637522,
      "val_auc": 0.9844148451730418,
      "train_loss": 0.20237382793060263,
      "train_acc": 0.921911670578195,
      "time": 15.021101236343384
    },
    {
      "epoch": 9,
      "val_acc": 0.9538066723695466,
      "val_loss": 0.13182197079075209,
      "val_f1": 0.9385139557716582,
      "val_precision": 0.9513501490814658,
      "val_recall": 0.9273850182149362,
      "val_auc": 0.984934729811779,
      "train_loss": 0.1830714642206743,
      "train_acc": 0.9349263921484958,
      "time": 15.153526067733765
    }
  ],
  "federated_histories": {
    "FedAvg": [
      {
        "round": 1,
        "accuracy": 0.739093242087254,
        "loss": 0.4763025683506214,
        "f1": 0.42498770290211507,
        "precision": 0.369546621043627,
        "recall": 0.5,
        "auc": 0.9109061930783242,
        "time": 29.880207061767578
      },
      {
        "round": 2,
        "accuracy": 0.8383233532934131,
        "loss": 0.37790188935192554,
        "f1": 0.8156460660797473,
        "precision": 0.7998906379963648,
        "recall": 0.8694121888281725,
        "auc": 0.9178715088038858,
        "time": 29.287989139556885
      },
      {
        "round": 3,
        "accuracy": 0.8733960650128315,
        "loss": 0.3091927186623407,
        "f1": 0.82362272152673,
        "precision": 0.8548271693820051,
        "recall": 0.8029845931997571,
        "auc": 0.937966757741348,
        "time": 28.827214002609253
      },
      {
        "round": 4,
        "accuracy": 0.894781864841745,
        "loss": 0.2604663167706507,
        "f1": 0.8712233366560358,
        "precision": 0.8551242236024845,
        "recall": 0.8948789465695204,
        "auc": 0.9515710382513661,
        "time": 28.786784172058105
      },
      {
        "round": 5,
        "accuracy": 0.911890504704876,
        "loss": 0.2232494663775375,
        "f1": 0.8897356648671915,
        "precision": 0.8780227772653091,
        "recall": 0.9043317395264117,
        "auc": 0.9596690953248331,
        "time": 28.65193796157837
      }
    ]
  },
  "data_stats": {
    "total_train": 4687,
    "total_test": 1169,
    "num_classes": 2,
    "class_names": {
      "0": "NORMAL",
      "1": "PNEUMONIA"
    },
    "overall_distribution": {
      "0": 1278,
      "1": 3409
    },
    "per_client": {
      "0": {
        "train_samples": 988,
        "test_samples": 246,
        "class_distribution": {
          "0": 412,
          "1": 576
        }
      },
      "1": {
        "train_samples": 138,
        "test_samples": 34,
        "class_distribution": {
          "0": 35,
          "1": 103
        }
      },
      "2": {
        "train_samples": 2653,
        "test_samples": 663,
        "class_distribution": {
          "0": 365,
          "1": 2288
        }
      },
      "3": {
        "train_samples": 494,
        "test_samples": 123,
        "class_distribution": {
          "0": 155,
          "1": 339
        }
      },
      "4": {
        "train_samples": 414,
        "test_samples": 103,
        "class_distribution": {
          "0": 311,
          "1": 103
        }
      }
    }
  },
  "total_time": 418.43611431121826,
  "all_runs_summary": [
    {
      "seed": 42,
      "algorithm": "FedAvg",
      "centralized_final": {
        "accuracy": 0.9538066723695466,
        "loss": 0.13182197079075209,
        "f1": 0.9385139557716582,
        "precision": 0.9513501490814658,
        "recall": 0.9273850182149362,
        "auc": 0.984934729811779
      },