{
  "fedavg_iid": {
    "config": {
      "name": "FedAvg (IID Data)",
      "num_rounds": 30,
      "num_clients": 5,
      "local_epochs": 3,
      "learning_rate": 0.1,
      "batch_size": 32,
      "algorithm": "fedavg",
      "mu": 0.0,
      "dp_epsilon": 0.0,
      "gradient_clip_norm": 1.0,
      "non_iid_degree": 0.0
    },
    "round_losses": [
      0.6643715683693349,
      0.6595744368554224,
      0.65860880348367,
      0.6586849358770551,
      0.6586514343198037,
      0.6584965945965492,
      0.6582415666945851,
      0.6584264831961477,
      0.6583213822415894,
      0.6589262634131853,
      0.658351819848913,
      0.6583811296139558,
      0.6587179269535727,
      0.6586160100969914,
      0.6587163173531284,
      0.6582459037532256,
      0.6583436852247089,
      0.6585723746970554,
      0.6585180338006965,
      0.6584013572996853,
      0.6584224812011653,
      0.6585735577236237,
      0.6585095585875029,
      0.6588326112063051,
      0.6583855312001379,
      0.6582799910244541,
      0.6582657071810857,
      0.6590664783225796,
      0.6585989891848084,
      0.6582087217977485
    ],
    "round_accuracies": [
      0.58,
      0.576,
      0.574,
      0.582,
      0.592,
      0.586,
      0.586,
      0.562,
      0.578,
      0.566,
      0.568,
      0.57,
      0.564,
      0.576,
      0.574,
      0.568,
      0.584,
      0.564,
      0.576,
      0.572,
      0.586,
      0.586,
      0.57,
      0.582,
      0.574,
      0.57,
      0.574,
      0.566,
      0.582,
      0.57
    ],
    "final_loss": 0.6582087217977485,
    "final_accuracy": 0.57,
    "convergence_round": 30,
    "total_time_seconds": 0.15057992935180664,
    "privacy_budget_spent": 0.0,
    "client_accuracies": [
      0.61,
      0.608,
      0.5875,
      0.6542857142857142,
      0.6
    ]
  },
  "fedavg_noniid": {
    "config": {
      "name": "FedAvg (Non-IID Data)",
      "num_rounds": 30,
      "num_clients": 5,
      "local_epochs": 3,
      "learning_rate": 0.1,
      "batch_size": 32,
      "algorithm": "fedavg",
      "mu": 0.0,
      "dp_epsilon": 0.0,
      "gradient_clip_norm": 1.0,
      "non_iid_degree": 0.8
    },
    "round_losses": [
      0.6474463414542871,
      0.6436100135045313,
      0.6431457268841354,
      0.6426720962763488,
      0.6427389356130009,
      0.6429677328339988,
      0.6425994796116755,
      0.642427953290818,
      0.644543036348022,
      0.6435157275090347,
      0.6428493040640624,
      0.643072532524179,
      0.642849210584336,
      0.6428997945637943,
      0.6432897265469874,
      0.6427658335730869,
      0.6427239649369896,
      0.6427391743454728,
      0.6430166426622683,
      0.6424986892607201,
      0.6428189200381348,
      0.6426752881472744,
      0.6426081222939993,
      0.6427888190445068,
      0.6426912959305836,
      0.6437845475718211,
      0.6455174655882187,
      0.6425784402072029,
      0.6430345008138367,
      0.6426562105609537
    ],
    "round_accuracies": [
      0.584,
      0.58,
      0.574,
      0.576,
      0.582,
      0.574,
      0.574,
      0.58,
      0.578,
      0.58,
      0.584,
      0.582,
      0.58,
      0.582,
      0.582,
      0.588,
      0.586,
      0.582,
      0.576,
      0.576,
      0.576,
      0.58,
      0.58,
      0.582,
      0.582,
      0.582,
      0.586,
      0.582,
      0.57,
      0.584
    ],
    "final_loss": 0.6426562105609537,
    "final_accuracy": 0.584,
    "convergence_round": 30,
    "total_time_seconds": 0.1513979434967041,
    "privacy_budget_spent": 0.0,
    "client_accuracies": [
      0.6433333333333333,
      0.612,
      0.5775,
      0.6342857142857142,
      0.6377777777777778
    ]
  },
  "fedprox_noniid": {
    "config": {
      "name": "FedProx (Non-IID Data, \u03bc=0.1)",
      "num_rounds": 30,
      "num_clients": 5,
      "local_epochs": 3,
      "learning_rate": 0.1,
      "batch_size": 32,
      "algorithm": "fedprox",
      "mu": 0.1,
      "dp_epsilon": 0.0,
      "gradient_clip_norm": 1.0,
      "non_iid_degree": 0.8
    },
    "round_losses": [
      0.6490557663955092,
      0.6438316498197247,
      0.6433080202686764,
      0.642913132365221,
      0.6435299940157826,
      0.6433896470750726,
      0.6429147928390134,
      0.643289018387785,
      0.6432553021104296,
      0.6433096480812991,
      0.6431878063881613,
      0.6429963450549769,
      0.6430908120222276,
      0.6427132650452825,
      0.6431479415724196,
      0.6432976228444296,
      0.6433421437496352,
      0.6434521967991604,
      0.6427880795998845,
      0.6430478277045417,
      0.6434291455192995,
      0.6430352147634264,
      0.6432797153616827,
      0.6438346503162381,
      0.6430491672627466,
      0.6429718386035281,
      0.6429581485802284,
      0.6427407962686268,
      0.6427517650392581,
      0.6432638018526258
    ],
    "round_accuracies": [
      0.582,
      0.588,
      0.582,
      0.586,
      0.58,
      0.584,
      0.58,
      0.588,
      0.582,
      0.588,
      0.578,
      0.58,
      0.586,
      0.58,
      0.576,
      0.58,
      0.584,
      0.584,
      0.58,
      0.58,
      0.58,
      0.572,
      0.574,
      0.586,
      0.586,
      0.58,
      0.58,
      0.582,
      0.582,
      0.58
    ],
    "final_loss": 0.6432638018526258,
    "final_accuracy": 0.58,
    "convergence_round": 30,
    "total_time_seconds": 0.15615296363830566,
    "privacy_budget_spent": 0.0,
    "client_accuracies": [
      0.6433333333333333,
      0.612,
      0.58,
      0.6342857142857142,
      0.6355555555555555
    ]
  },
  "fedavg_dp10": {
    "config": {
      "name": "FedAvg + DP (\u03b5=10)",
      "num_rounds": 30,
      "num_clients": 5,
      "local_epochs": 3,
      "learning_rate": 0.1,
      "batch_size": 32,
      "algorithm": "fedavg",
      "mu": 0.0,
      "dp_epsilon": 10.0,
      "gradient_clip_norm": 1.0,
      "non_iid_degree": 0.5
    },
    "round_losses": [
      0.6572191277372584,
      6.863519710369319,
      7.763091507278727,
      7.771105254833054,
      7.735406659552166,
      8.042948307506851,
      7.479050322663727,
      7.349264002842506,
      7.117211750185681,
      7.604796788729727,
      7.612398914801987,
      7.673509521717826,
      7.731501589195805,
      7.454948281120603,
      7.628938998603268,
      7.203121684557486,
      6.9744455207849905,
      6.494024387075185,
      6.5123749109079565,
      6.635139894781189,
      6.05076535941395,
      5.817269086909482,
      6.4646105884693075,
      6.742143339324871,
      6.447996496240785,
      6.456752348712261,
      6.274355860978419,
      6.198943746154938,
      6.2730071853832445,
      6.872568349299106
    ],
    "round_accuracies": [
      0.424,
      0.432,
      0.454,
      0.474,
      0.468,
      0.488,
      0.484,
      0.502,
      0.462,
      0.486,
      0.492,
      0.476,
      0.504,
      0.482,
      0.512,
      0.528,
      0.53,
      0.526,
      0.52,
      0.534,
      0.566,
      0.56,
      0.55,
      0.57,
      0.572,
      0.576,
      0.55,
      0.548,
      0.54,
      0.536
    ],
    "final_loss": 6.872568349299106,
    "final_accuracy": 0.536,
    "convergence_round": 30,
    "total_time_seconds": 0.14812803268432617,
    "privacy_budget_spent": 50.00000000000008,
    "client_accuracies": [
      0.5666666666666667,
      0.488,
      0.4975,
      0.4657142857142857,
      0.44666666666666666
    ]
  },
  "fedavg_dp1": {
    "config": {
      "name": "FedAvg + DP (\u03b5=1, Strong Privacy)",
      "num_rounds": 30,
      "num_clients": 5,
      "local_epochs": 3,
      "learning_rate": 0.1,
      "batch_size": 32,
      "algorithm": "fedavg",
      "mu": 0.0,
      "dp_epsilon": 1.0,
      "gradient_clip_norm": 1.0,
      "non_iid_degree": 0.5
    },